-- phpMyAdmin SQL Dump
-- version 4.1.0-rc3
-- http://www.phpmyadmin.net
--
-- Host: 127.0.0.1
-- Generation Time: Jan 07, 2014 at 02:05 PM
-- Server version: 5.5.32
-- PHP Version: 5.5.7

--
-- Database: `vokuro`
--

-- --------------------------------------------------------

--
-- Table structure for table `email_confirmations`
--

DROP TABLE IF EXISTS `email_confirmations`;
CREATE TABLE IF NOT EXISTS `email_confirmations` (
  `id` int(10) unsigned NOT NULL AUTO_INCREMENT,
  `usersId` int(10) unsigned NOT NULL,
  `code` char(32) NOT NULL,
  `createdAt` int(10) unsigned NOT NULL,
  `modifiedAt` int(10) unsigned DEFAULT NULL,
  `confirmed` char(1) DEFAULT 'N',
  PRIMARY KEY (`id`)
) ENGINE=InnoDB DEFAULT CHARSET=utf8 AUTO_INCREMENT=1 ;

-- --------------------------------------------------------

--
-- Table structure for table `failed_logins`
--

DROP TABLE IF EXISTS `failed_logins`;
CREATE TABLE IF NOT EXISTS `failed_logins` (
  `id` int(10) unsigned NOT NULL AUTO_INCREMENT,
  `usersId` int(10) unsigned DEFAULT NULL,
  `ipAddress` char(15) NOT NULL,
  `attempted` int(10) unsigned NOT NULL,
  PRIMARY KEY (`id`),
  KEY `usersId` (`usersId`)
) ENGINE=InnoDB  DEFAULT CHARSET=utf8 AUTO_INCREMENT=1 ;

-- --------------------------------------------------------

--
-- Table structure for table `permissions`
--

DROP TABLE IF EXISTS `permissions`;
CREATE TABLE IF NOT EXISTS `permissions` (
  `id` int(10) unsigned NOT NULL AUTO_INCREMENT,
  `profilesId` int(10) unsigned NOT NULL,
  `resource` varchar(16) NOT NULL,
  `action` varchar(16) NOT NULL,
  PRIMARY KEY (`id`),
  KEY `profilesId` (`profilesId`)
) ENGINE=InnoDB  DEFAULT CHARSET=utf8 AUTO_INCREMENT=23 ;


DROP TABLE IF EXISTS `tracker`;
CREATE TABLE IF NOT EXISTS `tracker` (
    `id` int(10) unsigned NOT NULL AUTO_INCREMENT,
    `userId` int(10) unsigned NOT NULL,
    `touchDate` int(30) NOT NULL,
    `type` int(1) NOT NULL,
    PRIMARY KEY (`id`),
    KEY `userId` (`userId`)
    ) ENGINE=InnoDB  DEFAULT CHARSET=utf8 AUTO_INCREMENT=23 ;
--
-- Dumping data for table `permissions`
--

INSERT INTO `permissions` (`id`, `profilesId`, `resource`, `action`) VALUES
(1, 1, 'admin', 'index'),
(2, 2, 'index', 'index'),
(3, 1, 'tracker', 'start'),
(4, 1, 'tracker', 'stop'),
(5, 2, 'tracker', 'start'),
(6, 2, 'tracker', 'stop'),
(7, 1, 'users', 'index'),
(8, 1, 'index', 'index');

-- --------------------------------------------------------

--
-- Table structure for table `profiles`
--

DROP TABLE IF EXISTS `profiles`;
CREATE TABLE IF NOT EXISTS `profiles` (
  `id` int(10) unsigned NOT NULL AUTO_INCREMENT,
  `name` varchar(64) NOT NULL,
  `active` char(1) NOT NULL,
  PRIMARY KEY (`id`),
  KEY `active` (`active`)
) ENGINE=InnoDB  DEFAULT CHARSET=utf8 AUTO_INCREMENT=4 ;

--
-- Dumping data for table `profiles`
--

INSERT INTO `profiles` (`id`, `name`, `active`) VALUES
(1, 'Administrators', 'Y'),
(2, 'Users', 'Y'),
(3, 'Read-Only', 'Y');

DROP TABLE IF EXISTS `celebrations`;
CREATE TABLE IF NOT EXISTS `celebrations` (
    `id` int(10) unsigned NOT NULL AUTO_INCREMENT,
    `name` varchar(64) NOT NULL,
    `date` int(20) NOT NULL,
    `repetitive` char(1) NOT NULL,
    PRIMARY KEY (`id`),
    KEY `repetitive` (`repetitive`)
    ) ENGINE=InnoDB  DEFAULT CHARSET=utf8 AUTO_INCREMENT=1;

-- --------------------------------------------------------

--
-- Table structure for table `remember_tokens`
--

DROP TABLE IF EXISTS `remember_tokens`;
CREATE TABLE IF NOT EXISTS `remember_tokens` (
  `id` int(10) unsigned NOT NULL AUTO_INCREMENT,
  `usersId` int(10) unsigned NOT NULL,
  `token` char(32) NOT NULL,
  `userAgent` text NOT NULL,
  `createdAt` int(10) unsigned NOT NULL,
  PRIMARY KEY (`id`),
  KEY `token` (`token`)
) ENGINE=InnoDB DEFAULT CHARSET=utf8 AUTO_INCREMENT=1 ;



DROP TABLE IF EXISTS `settings`;
CREATE TABLE IF NOT EXISTS `settings` (
    `id` int(10) unsigned NOT NULL AUTO_INCREMENT,
    `name` varchar(48) NOT NULL,
    `value` varchar(48) NOT NULL,
    PRIMARY KEY (`id`)
    ) ENGINE=InnoDB DEFAULT CHARSET=utf8 AUTO_INCREMENT=1 ;

-- --------------------------------------------------------

--
-- Table structure for table `reset_passwords`
--

DROP TABLE IF EXISTS `reset_passwords`;
CREATE TABLE IF NOT EXISTS `reset_passwords` (
  `id` int(10) unsigned NOT NULL AUTO_INCREMENT,
  `usersId` int(10) unsigned NOT NULL,
  `code` varchar(48) NOT NULL,
  `createdAt` int(10) unsigned NOT NULL,
  `modifiedAt` int(10) unsigned DEFAULT NULL,
  `reset` char(1) NOT NULL,
  PRIMARY KEY (`id`),
  KEY `usersId` (`usersId`)
) ENGINE=InnoDB DEFAULT CHARSET=utf8 AUTO_INCREMENT=1 ;

-- --------------------------------------------------------

--
-- Table structure for table `success_logins`
--

DROP TABLE IF EXISTS `success_logins`;
CREATE TABLE IF NOT EXISTS `success_logins` (
  `id` int(10) unsigned NOT NULL AUTO_INCREMENT,
  `usersId` int(10) unsigned NOT NULL,
  `ipAddress` char(15) NOT NULL,
  `userAgent` text NOT NULL,
  PRIMARY KEY (`id`),
  KEY `usersId` (`usersId`)
) ENGINE=InnoDB DEFAULT CHARSET=utf8 AUTO_INCREMENT=1 ;

-- --------------------------------------------------------

--
-- Table structure for table `users`
--

DROP TABLE IF EXISTS `users`;
CREATE TABLE IF NOT EXISTS `users` (
  `id` int(10) unsigned NOT NULL AUTO_INCREMENT,
  `name` varchar(255) NOT NULL,
  `email` varchar(255) NOT NULL,
  `password` char(60) NOT NULL,
  `profilesId` int(10) unsigned NOT NULL,
  `banned` char(1) NOT NULL,
  `suspended` char(1) NOT NULL,
  `active` char(1) DEFAULT NULL,
  PRIMARY KEY (`id`),
  KEY `profilesId` (`profilesId`)
) ENGINE=InnoDB  DEFAULT CHARSET=utf8 AUTO_INCREMENT=5 ;

--
-- Dumping data for table `users`
--

INSERT INTO `users` (`id`, `name`, `email`, `password`, `profilesId`, `banned`, `suspended`, `active`) VALUES
(1, 'Bob Burnquist', 'bob@phalconphp.com', '$2a$08$Lx1577KNhPa9lzFYKssadetmbhaveRtCoVaOnoXXxUIhrqlCJYWCW', 1, 'N', 'N', 'Y'),
(2, 'Erik', 'erik@phalconphp.com', '$2a$08$f4llgFQQnhPKzpGmY1sOuuu23nYfXYM/EVOpnjjvAmbxxDxG3pbX.', 1, 'Y', 'Y', 'Y'),
(3, 'Veronica', 'veronica@phalconphp.com', '$2a$08$NQjrh9fKdMHSdpzhMj0xcOSwJQwMfpuDMzgtRyA89ADKUbsFZ94C2', 1, 'N', 'N', 'Y'),
(4, 'Yukimi Nagano', 'yukimi@phalconphp.com', '$2a$08$cxxpy4Jvt6Q3xGKgMWIILuf75RQDSroenvoB7L..GlXoGkVEMoSr.', 2, 'N', 'N', 'Y');
